Spot Size;B Spot Size;G Spot Size;R Spot Size
0;0;0;0.06462104731411662
0;0;0;5.142163765096166
0;0;0;10.557661947336765
0;0;0;11.683245658873028
0;0;0;9.900043069670597
0;0;0;7.667503623243567
0;0;0;6.755344321879183
