Spot Size;B Spot Size;G Spot Size;R Spot Size
0;0;0;60.85310838115426
0;0;0;61.14577909991538
0;0;0;62.6948010823008
0;0;0;68.0994778165521
0;0;0;75.41900364004371
0;0;0;83.7048273475177
0;0;0;81.94731386771393
